Date,Close/Last,Open,High,Low
10/07/2024,17923.90,18080.11,18096.33,17900.04
10/04/2024,18137.85,18130.42,18145.28,17952.30
10/03/2024,17918.48,17859.49,18011.25,17826.42
10/02/2024,17925.12,17867.12,17978.57,17767.79
10/01/2024,17910.36,18154.94,18162.72,17779.77
09/30/2024,18189.17,18069.83,18198.16,17997.56
09/27/2024,18119.59,18228.78,18238.28,18069.18
09/26/2024,18190.29,18327.34,18327.34,18071.74
09/25/2024,18082.21,18050.36,18155.03,18040.62
09/24/2024,18074.52,18046.44,18091.96,17863.38
09/23/2024,17974.27,17994.91,18021.58,17936.37
09/20/2024,17948.32,17999.35,18024.34,17835.64
09/19/2024,18013.98,17980.89,18099.93,17909.75
09/18/2024,17573.30,17663.38,17832.70,17556.42
09/17/2024,17628.06,17707.02,17781.74,17544.64
09/16/2024,17592.13,17573.70,17618.40,17480.66
09/13/2024,17683.98,17575.26,17719.14,17564.61
09/12/2024,17569.68,17413.89,17605.72,17338.32
09/11/2024,17395.53,17061.41,17420.23,16787.84
09/10/2024,17025.88,17025.49,17036.07,16801.13
09/09/2024,16884.60,16835.67,16923.28,16732.83
09/06/2024,16690.83,17137.62,17166.54,16668.57
09/05/2024,17127.66,17063.24,17295.58,17035.07
09/04/2024,17084.30,17015.71,17232.65,16984.67
09/03/2024,17136.30,17585.45,17585.45,17057.79
08/30/2024,17713.62,17650.49,17720.37,17498.79
08/29/2024,17516.43,17610.57,17789.21,17482.60
08/28/2024,17556.03,17738.80,17759.94,17439.40
08/27/2024,17754.82,17655.52,17789.72,17573.37
08/26/2024,17725.76,17867.85,17909.09,17645.69
08/23/2024,17877.79,17772.73,17941.27,17700.27
08/22/2024,17619.35,17993.72,18017.69,17589.15
08/21/2024,17918.99,17840.51,17963.07,17790.98
08/20/2024,17816.94,17849.09,17932.53,17758.20
08/19/2024,17876.77,17649.74,17877.44,17585.58
08/16/2024,17631.72,17516.40,17674.65,17502.82
08/15/2024,17594.50,17394.55,17602.72,17375.41
08/14/2024,17192.60,17227.64,17260.73,17032.17
08/13/2024,17187.61,16944.74,17192.79,16943.95
08/12/2024,16780.61,16793.64,16895.79,16699.39
08/09/2024,16745.30,16636.52,16789.22,16574.57
08/08/2024,16660.02,16408.27,16694.25,16262.93
08/07/2024,16195.81,16622.31,16709.81,16179.53
08/06/2024,16366.85,16261.36,16620.31,16137.65
08/05/2024,16200.08,15712.53,16453.46,15708.54
08/02/2024,16776.16,16780.45,16920.63,16582.79
08/01/2024,17194.15,17647.03,17791.58,17051.42
07/31/2024,17599.40,17499.23,17693.98,17438.60
07/30/2024,17147.42,17424.10,17468.56,17015.38
07/29/2024,17370.20,17444.39,17535.32,17299.83
07/26/2024,17357.88,17331.95,17454.57,17239.99
07/25/2024,17181.72,17352.64,17544.46,17033.96
07/24/2024,17342.41,17733.91,17747.06,17313.52
07/23/2024,17997.35,17982.74,18128.38,17968.10
07/22/2024,18007.57,17923.65,18040.99,17839.76
07/19/2024,17726.94,17835.59,17935.14,17691.43
07/18/2024,17871.22,18119.15,18130.87,17759.54
07/17/2024,17996.92,18188.19,18223.24,17972.87
07/16/2024,18509.34,18534.27,18576.83,18386.07
07/15/2024,18472.57,18485.91,18641.53,18397.83
07/12/2024,18398.45,18303.64,18556.73,18293.60
07/11/2024,18283.41,18659.25,18671.07,18238.78
07/10/2024,18647.45,18512.09,18655.19,18467.58
07/09/2024,18429.29,18465.02,18511.89,18381.60
07/08/2024,18403.74,18371.86,18416.94,18342.60
07/05/2024,18352.76,18200.60,18366.31,18197.14
07/03/2024,18188.30,18016.12,18188.30,18016.12
07/02/2024,18028.76,17808.04,18031.29,17802.24
07/01/2024,17879.30,17773.90,17894.28,17657.64
06/28/2024,17732.60,17891.10,18035.00,17723.83
06/27/2024,17858.68,17793.95,17892.78,17765.42
06/26/2024,17805.16,17697.26,17813.55,17687.07
06/25/2024,17717.65,17572.16,17734.34,17546.63
06/24/2024,17496.82,17640.26,17730.12,17494.02
06/21/2024,17689.36,17681.01,17787.34,17620.57
06/20/2024,17721.59,17913.94,17936.79,17650.69
06/18/2024,17862.23,17856.76,17890.52,17796.88
06/17/2024,17857.02,17697.30,17935.99,17636.36
06/14/2024,17688.88,17621.18,17693.43,17590.80
06/13/2024,17667.56,17715.26,17741.80,17566.32
06/12/2024,17608.44,17502.15,17725.39,17490.64
06/11/2024,17343.55,17160.42,17345.05,17107.99
06/10/2024,17192.53,17083.45,17213.45,17057.34
06/07/2024,17133.13,17124.14,17229.31,17090.04
06/06/2024,17173.12,17204.87,17235.73,17123.59
06/05/2024,17187.90,16974.48,17187.92,16955.56
06/04/2024,16857.05,16823.88,16891.87,16750.39
06/03/2024,16828.67,16865.70,16909.89,16646.43
05/31/2024,16735.02,16771.90,16789.27,16445.54
05/30/2024,16737.08,16878.63,16900.46,16690.36
05/29/2024,16920.58,16879.35,16989.60,16873.97
05/28/2024,17019.88,16988.31,17032.66,16917.51
05/24/2024,16920.79,16786.79,16947.80,16771.58
05/23/2024,16736.03,16996.39,16996.39,16678.37
05/22/2024,16801.54,16839.02,16855.27,16712.09
05/21/2024,16832.62,16736.10,16839.02,16719.97
05/20/2024,16794.87,16702.02,16823.83,16695.69
05/17/2024,16685.97,16708.49,16726.41,16613.84
05/16/2024,16698.32,16738.11,16797.83,16693.45
05/15/2024,16742.39,16601.14,16749.74,16544.09
05/14/2024,16511.18,16391.16,16526.27,16386.43
05/13/2024,16388.24,16400.31,16407.05,16334.86
05/10/2024,16340.87,16389.02,16437.39,16293.52
05/09/2024,16346.26,16323.74,16362.79,16241.98
05/08/2024,16302.76,16226.07,16341.65,16226.07
05/07/2024,16332.56,16358.34,16397.39,16303.84
05/06/2024,16349.25,16208.54,16350.08,16197.86
05/03/2024,16156.33,16147.48,16204.71,16068.34
05/02/2024,15840.96,15758.11,15862.79,15604.73
05/01/2024,15605.48,15646.09,15926.22,15557.64
04/30/2024,15657.82,15920.89,15979.36,15655.67
04/29/2024,15983.08,16007.00,16021.49,15885.89
04/26/2024,15927.90,15821.34,15981.00,15770.72
04/25/2024,15611.76,15375.26,15644.51,15343.91
04/24/2024,15712.75,15805.60,15839.00,15634.44
04/23/2024,15696.64,15525.55,15730.35,15510.58
04/22/2024,15451.31,15396.13,15539.00,15265.66
04/19/2024,15282.01,15547.10,15576.70,15222.78
04/18/2024,15601.50,15705.69,15786.12,15587.50
04/17/2024,15683.37,15942.29,15957.03,15654.51
04/16/2024,15865.25,15856.38,15965.79,15822.02
04/15/2024,15885.02,16276.47,16295.27,15863.88
04/12/2024,16175.09,16293.03,16341.45,16125.33
04/11/2024,16442.20,16236.20,16464.60,16154.65
04/10/2024,16170.36,16104.01,16200.10,16092.02
04/09/2024,16306.64,16328.76,16348.18,16141.15
04/08/2024,16253.96,16285.18,16323.60,16220.72
04/05/2024,16248.52,16095.40,16326.50,16080.48
04/04/2024,16049.08,16418.57,16468.04,16046.56
04/03/2024,16277.46,16178.80,16340.74,16169.31
04/02/2024,16240.45,16199.24,16251.41,16137.24
04/01/2024,16396.83,16397.05,16490.65,16327.89
03/28/2024,16379.46,16377.23,16420.92,16347.38
03/27/2024,16399.52,16424.76,16431.82,16279.17
03/26/2024,16315.70,16446.85,16476.38,16312.95
03/25/2024,16384.47,16335.30,16441.17,16315.72
03/22/2024,16428.82,16387.83,16467.62,16361.00
03/21/2024,16401.84,16517.24,16538.86,16393.90
03/20/2024,16369.41,16185.76,16377.44,16127.48
03/19/2024,16166.79,16031.93,16175.59,15951.86
03/18/2024,16103.45,16154.92,16247.59,16094.17
03/15/2024,15973.17,16043.58,16055.33,15925.91
03/14/2024,16128.53,16209.19,16245.32,16039.68
03/13/2024,16177.77,16220.11,16233.30,16143.34
03/12/2024,16265.64,16116.98,16275.45,15992.98
03/11/2024,16019.27,16052.63,16085.95,15978.04
03/08/2024,16085.11,16322.10,16449.70,16059.50
03/07/2024,16273.38,16147.32,16309.02,16096.01
03/06/2024,16031.54,16092.00,16128.56,15956.66
03/05/2024,15939.59,16077.74,16087.56,15862.63
03/04/2024,16207.51,16264.21,16289.06,16199.06
03/01/2024,16274.94,16109.83,16302.24,16096.60
02/29/2024,16091.92,16059.34,16115.96,15931.70
02/28/2024,15947.74,15969.14,16003.56,15924.72
02/27/2024,16035.30,16013.98,16046.10,15940.51
02/26/2024,15976.25,16014.45,16054.90,15973.90
02/23/2024,15996.82,16094.80,16134.22,15954.50
02/22/2024,16041.62,15904.48,16061.82,15869.24
02/21/2024,15580.87,15532.12,15583.68,15451.65
02/20/2024,15630.78,15679.84,15730.47,15508.50
02/16/2024,15775.65,15910.43,15917.41,15752.02
02/15/2024,15906.17,15865.30,15911.22,15779.72
02/14/2024,15859.15,15781.71,15865.51,15683.94
02/13/2024,15655.60,15598.88,15770.42,15551.44
02/12/2024,15942.55,15980.62,16080.07,15917.87
02/09/2024,15990.66,15842.38,16007.29,15831.76
02/08/2024,15793.71,15762.23,15813.27,15739.18
02/07/2024,15756.64,15690.35,15770.68,15645.81
02/06/2024,15609.00,15638.19,15652.75,15515.25
02/05/2024,15597.68,15613.99,15637.88,15471.68
02/02/2024,15628.95,15403.16,15664.21,15366.78
02/01/2024,15361.64,15254.02,15372.13,15208.88
01/31/2024,15164.01,15324.19,15405.55,15158.49
01/30/2024,15509.90,15628.04,15619.23,15484.67
01/29/2024,15628.04,15470.66,15630.58,15449.87
01/26/2024,15455.36,15474.85,15538.84,15433.04
01/25/2024,15510.50,15555.62,15597.25,15430.68
01/24/2024,15481.92,15560.61,15629.07,15468.91
01/23/2024,15425.94,15391.41,15432.35,15337.23
01/22/2024,15360.29,15393.05,15438.85,15333.63
01/19/2024,15310.97,15122.38,15310.97,15087.20
01/18/2024,15055.65,14994.52,15066.81,14911.11
01/17/2024,14855.62,14814.77,14865.76,14706.23
01/16/2024,14944.35,14908.26,15004.35,14863.81
01/12/2024,14972.76,15001.01,15047.25,14931.88
01/11/2024,14970.18,15020.95,15063.61,14800.38
01/10/2024,14969.65,14877.70,14998.20,14842.70
01/09/2024,14857.71,14744.13,14894.32,14716.71
01/08/2024,14843.77,14564.47,14846.90,14560.20
01/05/2024,14524.07,14500.11,14625.19,14477.57
01/04/2024,14510.30,14532.23,14632.77,14504.78
01/03/2024,14592.21,14641.47,14694.58,14577.44
01/02/2024,14765.94,14873.70,14887.80,14682.38
12/29/2023,15011.35,15099.20,15111.41,14955.37
12/28/2023,15095.14,15142.09,15150.07,15087.22
12/27/2023,15099.18,15089.66,15114.08,15051.67
12/26/2023,15074.57,15028.69,15101.18,15024.06
12/22/2023,14992.97,15006.18,15047.19,14927.12
12/21/2023,14963.87,14923.14,14970.81,14837.47
12/20/2023,14777.94,14973.36,15069.29,14776.29
12/19/2023,15003.22,14923.02,15003.80,14921.60
12/18/2023,14905.19,14814.02,14938.04,14811.82
12/15/2023,14813.92,14797.46,14848.40,14753.15
12/14/2023,14761.56,14798.72,14855.62,14642.23
12/13/2023,14733.96,14555.68,14743.55,14517.52
12/12/2023,14533.40,14423.01,14533.40,14385.39
12/11/2023,14432.49,14340.13,14436.08,14324.57
12/08/2023,14403.97,14279.46,14416.92,14264.96
12/07/2023,14339.99,14230.43,14353.11,14220.87
12/06/2023,14146.71,14325.62,14327.63,14138.51
12/05/2023,14229.91,14126.40,14285.66,14121.76
12/04/2023,14185.49,14168.66,14197.52,14058.52
12/01/2023,14305.03,14181.35,14311.95,14135.00
11/30/2023,14226.22,14265.05,14289.20,14127.05
11/29/2023,14258.49,14367.11,14423.22,14247.89
11/28/2023,14281.76,14224.63,14303.65,14195.72
11/27/2023,14241.02,14239.31,14305.71,14205.24
11/24/2023,14250.85,14238.03,14270.28,14214.13
11/22/2023,14265.86,14283.82,14359.61,14226.63
11/21/2023,14199.98,14217.23,14237.50,14146.31
11/20/2023,14284.53,14134.75,14309.80,14134.20
11/17/2023,14125.48,14101.44,14154.32,14063.93
11/16/2023,14113.67,14066.88,14130.45,14033.79
11/15/2023,14103.84,14147.27,14194.36,14060.70
11/14/2023,14094.38,14015.37,14124.06,14003.14
11/13/2023,13767.74,13745.96,13805.11,13687.78
11/10/2023,13798.11,13571.19,13802.53,13556.35
11/09/2023,13521.45,13693.70,13697.82,13506.02
11/08/2023,13650.41,13660.22,13684.87,13573.58
11/07/2023,13639.86,13555.79,13675.46,13516.56
11/06/2023,13518.78,13514.08,13551.62,13435.99
11/03/2023,13478.28,13362.85,13520.28,13344.73
11/02/2023,13294.19,13230.49,13302.18,13177.64
11/01/2023,13061.47,12887.06,13072.42,12875.20
10/31/2023,12851.24,12786.62,12859.40,12697.04
10/30/2023,12789.48,12750.47,12842.96,12691.56
10/27/2023,12643.01,12718.69,12772.43,12600.57
10/26/2023,12595.61,12768.97,12818.14,12543.86
10/25/2023,12821.22,13039.86,13042.52,12804.30
10/24/2023,13139.87,13084.99,13170.39,13022.85
10/23/2023,13018.33,12930.85,13143.22,12848.83
10/20/2023,12983.81,13157.77,13177.35,12977.43
10/19/2023,13186.18,13354.80,13404.73,13157.33
10/18/2023,13314.30,13439.68,13499.74,13275.30
10/17/2023,13533.75,13419.87,13602.25,13364.74
10/16/2023,13567.98,13453.81,13598.05,13447.17
10/13/2023,13407.23,13613.59,13619.54,13361.85
10/12/2023,13574.22,13672.47,13714.14,13491.56
10/11/2023,13659.68,13619.21,13671.11,13549.29
10/10/2023,13562.84,13505.81,13659.63,13491.81
10/09/2023,13484.24,13326.22,13509.30,13277.48
10/06/2023,13431.34,13127.68,13472.27,13099.03
10/05/2023,13219.83,13228.12,13251.18,13087.57
10/04/2023,13236.01,13092.92,13258.76,13072.51
10/03/2023,13059.47,13229.68,13280.04,13008.60
10/02/2023,13307.77,13217.98,13364.03,13204.08
09/29/2023,13219.32,13337.71,13382.98,13177.09
09/28/2023,13201.28,13043.37,13270.97,13025.11
09/27/2023,13092.85,13115.36,13156.37,12963.16
09/26/2023,13063.61,13180.96,13199.13,13033.40
09/25/2023,13271.32,13172.54,13277.83,13132.00
09/22/2023,13211.81,13287.17,13353.22,13200.64
09/21/2023,13223.98,13328.06,13362.23,13222.56
09/20/2023,13469.13,13710.26,13727.81,13467.28
09/19/2023,13678.19,13649.44,13705.15,13578.87
09/18/2023,13710.24,13669.96,13751.28,13663.46
09/15/2023,13708.33,13889.20,13895.75,13684.24
09/14/2023,13926.05,13889.76,13957.57,13810.66
09/13/2023,13813.59,13822.32,13868.57,13733.82
09/12/2023,13773.61,13858.94,13913.60,13763.69
09/11/2023,13917.89,13884.03,13937.47,13805.13
09/08/2023,13761.53,13754.71,13843.37,13733.18
09/07/2023,13748.83,13675.11,13774.63,13642.47
09/06/2023,13872.47,13988.81,14001.95,13802.42
09/05/2023,14020.95,13994.54,14060.85,13945.65
09/01/2023,14031.81,14129.96,14149.62,13982.42
08/31/2023,14034.97,14041.54,14114.67,14010.48
08/30/2023,14019.31,13961.77,14050.82,13924.20
08/29/2023,13943.76,13687.23,13959.81,13677.06
08/28/2023,13705.13,13695.36,13735.98,13626.64
08/25/2023,13590.65,13514.37,13633.42,13376.35
08/24/2023,13463.97,13834.31,13834.69,13462.84
08/23/2023,13721.03,13532.43,13757.00,13532.43
08/22/2023,13505.87,13593.95,13598.77,13484.38
08/21/2023,13497.59,13347.26,13516.86,13325.59
08/18/2023,13290.78,13190.02,13335.87,13161.76
08/17/2023,13316.93,13527.30,13535.09,13303.45
08/16/2023,13474.63,13593.17,13644.32,13473.03
08/15/2023,13631.05,13760.48,13774.98,13611.93
08/14/2023,13788.33,13599.00,13789.16,13582.49
08/11/2023,13644.85,13653.46,13720.33,13609.98
08/10/2023,13737.99,13818.25,13947.16,13686.51
08/09/2023,13722.02,13897.61,13898.54,13698.39
08/08/2023,13884.32,13875.45,13899.74,13769.34
08/07/2023,13994.40,13972.45,13997.15,13864.92
08/04/2023,13909.24,14105.16,14119.22,13897.93
08/03/2023,13959.72,13899.76,14032.28,13881.35
08/02/2023,13973.45,14132.73,14133.85,13914.81
08/01/2023,14283.91,14274.93,14309.21,14215.64
07/31/2023,14346.02,14337.90,14370.91,14292.75
07/28/2023,14316.66,14199.83,14344.35,14188.10
07/27/2023,14050.11,14319.16,14360.20,14006.92
07/26/2023,14127.28,14123.52,14187.35,14041.95
07/25/2023,14144.56,14093.24,14201.91,14092.52
07/24/2023,14058.87,14081.63,14110.15,13997.13
07/21/2023,14032.81,14148.18,14179.01,14020.45
07/20/2023,14063.31,14273.29,14309.92,14030.62
07/19/2023,14358.02,14398.53,14446.55,14317.09
07/18/2023,14353.64,14212.25,14396.69,14176.11
07/17/2023,14244.95,14149.92,14274.41,14138.01
07/14/2023,14113.70,14166.66,14232.11,14081.96
07/13/2023,14138.57,14021.15,14163.80,14012.24
07/12/2023,13918.96,13915.64,13963.45,13842.13
07/11/2023,13760.70,13709.81,13774.83,13643.32
07/10/2023,13685.48,13645.37,13692.41,13584.87
07/07/2023,13660.72,13668.07,13804.51,13656.73
07/06/2023,13679.04,13653.17,13689.52,13567.25
07/05/2023,13791.65,13772.10,13844.50,13764.25
07/03/2023,13816.77,13798.70,13839.09,13773.41
06/30/2023,13787.92,13719.98,13816.68,13716.16
06/29/2023,13591.33,13592.36,13618.53,13540.26
06/28/2023,13591.75,13506.02,13654.14,13495.73
06/27/2023,13555.67,13389.25,13578.80,13366.97
06/26/2023,13335.78,13468.74,13573.57,13334.42
06/23/2023,13492.52,13484.10,13572.19,13442.65
06/22/2023,13630.61,13443.41,13631.85,13441.56
06/21/2023,13502.20,13620.87,13638.57,13460.94
06/20/2023,13667.29,13642.29,13711.18,13561.84
06/16/2023,13689.57,13859.07,13864.06,13680.95
06/15/2023,13782.82,13572.88,13828.17,13561.37
06/14/2023,13626.48,13570.56,13661.74,13455.99
06/13/2023,13573.32,13566.52,13594.40,13473.19
06/12/2023,13461.92,13326.37,13465.91,13302.58
06/09/2023,13259.14,13312.39,13385.95,13229.33
06/08/2023,13238.52,13113.27,13248.60,13101.18
06/07/2023,13104.89,13295.26,13361.90,13089.48
06/06/2023,13276.42,13199.59,13306.21,13165.65
06/05/2023,13229.43,13238.48,13330.65,13194.95
06/02/2023,13240.77,13190.48,13256.21,13125.86
06/01/2023,13100.98,12944.46,13141.83,12903.63
05/31/2023,12935.29,12968.38,13029.08,12889.37
05/30/2023,13017.43,13109.10,13154.29,12968.12
05/26/2023,12975.69,12736.42,13001.91,12729.74
05/25/2023,12698.09,12706.44,12736.92,12604.89
05/24/2023,12484.16,12481.89,12529.63,12415.85
05/23/2023,12560.25,12652.88,12709.74,12554.43
05/22/2023,12720.78,12664.44,12756.22,12655.26
05/19/2023,12657.90,12709.46,12731.73,12624.06
05/18/2023,12688.84,12513.87,12698.50,12512.26
05/17/2023,12500.57,12388.58,12514.07,12335.02
05/16/2023,12343.05,12327.05,12403.81,12324.52
05/15/2023,12365.21,12367.69,12376.40,12263.35
05/12/2023,12284.74,12350.52,12364.65,12209.58
05/11/2023,12328.51,12321.26,12347.38,12255.44
05/10/2023,12306.44,12286.66,12337.69,12180.86
05/09/2023,12179.55,12195.78,12216.13,12174.06
05/08/2023,12256.92,12231.68,12264.99,12178.26
05/05/2023,12235.41,12073.03,12264.83,12065.72
05/04/2023,11966.40,11997.34,12033.15,11925.37
05/03/2023,12025.33,12097.04,12212.55,12022.46
05/02/2023,12080.51,12198.02,12206.58,12015.23
05/01/2023,12212.60,12210.05,12261.32,12181.08
04/28/2023,12226.58,12117.54,12227.72,12082.57
04/27/2023,12142.24,11972.15,12154.01,11950.92
04/26/2023,11854.35,11913.23,11967.99,11833.07
04/25/2023,11799.16,11968.81,11990.46,11798.77
04/24/2023,12037.20,12053.47,12103.58,11960.30
04/21/2023,12072.46,12046.03,12097.15,11986.82
04/20/2023,12059.56,12039.08,12155.96,12011.95
04/19/2023,12157.23,12063.68,12191.10,12060.17
04/18/2023,12153.41,12234.56,12245.43,12110.23
04/17/2023,12157.72,12108.23,12159.02,12064.10
04/14/2023,12123.47,12117.91,12205.72,12026.55
04/13/2023,12166.27,11997.42,12178.80,11995.94
04/12/2023,11929.34,12110.87,12134.50,11916.54
04/11/2023,12031.88,12080.24,12091.27,12011.40
04/10/2023,12084.35,11975.13,12084.95,11924.20
04/06/2023,12087.96,11939.08,12098.50,11898.36
04/05/2023,11996.86,12081.76,12086.75,11931.85
04/04/2023,12126.33,12208.49,12224.68,12081.81
04/03/2023,12189.45,12146.09,12196.34,12086.52
03/31/2023,12221.91,12031.54,12227.93,12030.44
03/30/2023,12013.47,12010.45,12044.79,11953.37
03/29/2023,11926.24,11855.59,11941.60,11823.35
03/28/2023,11716.08,11752.76,11752.76,11635.03
03/27/2023,11768.84,11868.54,11903.21,11739.05
03/24/2023,11823.96,11747.62,11826.23,11670.67
03/23/2023,11787.40,11811.32,11962.69,11684.52
03/22/2023,11669.96,11857.50,12013.99,11666.85
03/21/2023,11860.11,11764.79,11879.16,11724.91
03/20/2023,11675.54,11614.39,11695.55,11550.69
03/17/2023,11630.51,11696.34,11773.11,11562.63
03/16/2023,11717.28,11384.87,11733.80,11365.49
03/15/2023,11434.05,11397.35,11447.90,11238.44
03/14/2023,11428.15,11357.73,11467.02,11284.93
03/13/2023,11188.84,11041.46,11326.73,10982.80
03/10/2023,11138.89,11325.36,11373.81,11093.86
03/09/2023,11338.35,11578.31,11667.12,11319.98
03/08/2023,11576.00,11553.09,11601.23,11487.75
03/07/2023,11530.33,11670.98,11705.96,11512.03
03/06/2023,11675.74,11736.87,11827.92,11667.48
03/03/2023,11689.01,11524.65,11699.63,11514.74
03/02/2023,11462.98,11273.77,11487.59,11273.61
03/01/2023,11379.48,11447.58,11479.00,11349.87
02/28/2023,11455.54,11451.05,11548.23,11435.39
02/27/2023,11466.98,11517.19,11565.23,11444.60
02/24/2023,11394.94,11404.18,11434.36,11334.47
02/23/2023,11590.40,11636.93,11638.98,11432.58
02/22/2023,11507.07,11517.20,11582.52,11445.17
02/21/2023,11492.30,11640.37,11684.14,11491.18
02/17/2023,11787.27,11777.50,11803.22,11673.21
02/16/2023,11855.83,11896.31,12040.34,11853.36
02/15/2023,12070.59,11905.12,12071.29,11876.82
02/14/2023,11960.15,11808.20,11999.85,11760.56
02/13/2023,11891.79,11759.09,11910.92,11719.73
02/10/2023,11718.12,11714.60,11775.80,11630.54
02/09/2023,11789.58,12069.10,12070.96,11745.11
02/08/2023,11910.52,12069.12,12096.39,11890.09
02/07/2023,12113.79,11891.25,12150.22,11836.78
02/06/2023,11887.45,11904.41,11973.41,11843.49
02/03/2023,12006.95,11946.86,12231.31,11946.86
02/02/2023,12200.82,12065.15,12269.55,12024.14
02/01/2023,11816.32,11573.14,11904.02,11500.33
01/31/2023,11584.55,11398.58,11586.01,11398.37
01/30/2023,11393.81,11512.34,11553.31,11388.54
01/27/2023,11621.71,11470.47,11691.89,11470.27
01/26/2023,11512.41,11458.40,11516.05,11341.19
01/25/2023,11313.36,11146.53,11334.22,11069.18
01/24/2023,11334.27,11302.93,11378.15,11282.65
01/23/2023,11364.41,11171.94,11405.50,11144.03
01/20/2023,11140.43,10924.66,11143.17,10885.65
01/19/2023,10852.27,10890.40,10932.52,10804.57
01/18/2023,10957.01,11170.95,11223.41,10952.05
01/17/2023,11095.11,11070.00,11145.44,11024.72
01/13/2023,11079.16,10906.37,11084.01,10900.16
01/12/2023,11001.10,10969.26,11027.75,10797.12
01/11/2023,10931.67,10794.99,10932.44,10762.73
01/10/2023,10742.63,10607.72,10743.67,10589.59
01/09/2023,10635.65,10662.10,10807.26,10619.12
01/06/2023,10569.29,10363.96,10604.14,10265.04
01/05/2023,10305.24,10390.31,10393.22,10295.25
01/04/2023,10458.76,10467.82,10515.22,10337.64
01/03/2023,10386.98,10562.06,10613.06,10309.16
12/30/2022,10466.48,10368.37,10468.31,10324.70
12/29/2022,10478.09,10321.46,10502.08,10301.06
12/28/2022,10213.29,10339.20,10414.82,10207.47
12/27/2022,10353.23,10462.19,10472.32,10340.73
12/23/2022,10497.86,10437.75,10514.76,10361.82
12/22/2022,10476.12,10586.46,10599.34,10313.32
12/21/2022,10709.37,10592.00,10753.57,10569.20
12/20/2022,10547.11,10490.89,10609.46,10446.82
12/19/2022,10546.03,10707.44,10713.97,10497.55
12/16/2022,10705.41,10767.63,10833.24,10642.10
12/15/2022,10810.53,11012.62,11029.57,10775.61
12/14/2022,11170.89,11248.09,11352.09,11065.24
12/13/2022,11256.81,11542.84,11571.64,11160.54
12/12/2022,11143.74,11015.48,11144.67,10984.82
12/09/2022,11004.62,11038.17,11138.70,10999.26
12/08/2022,11082.00,11011.33,11119.16,10939.47
12/07/2022,10958.55,10963.95,11039.81,10910.62
12/06/2022,11014.89,11228.42,11241.42,10956.20
12/05/2022,11239.94,11380.99,11425.51,11193.02
12/02/2022,11461.50,11308.38,11492.32,11296.72
12/01/2022,11482.45,11475.17,11546.77,11378.75
11/30/2022,11468.00,10995.20,11468.47,10966.53
11/29/2022,10983.78,11060.02,11086.02,10944.37
11/28/2022,11049.50,11147.57,11217.75,11020.69
11/25/2022,11226.36,11231.00,11261.57,11206.38
11/23/2022,11285.32,11174.61,11310.82,11174.61
11/22/2022,11174.41,11058.56,11179.87,10975.66
11/21/2022,11024.51,11091.01,11128.78,10999.75
11/18/2022,11146.06,11257.01,11259.44,11059.16
11/17/2022,11144.96,11008.67,11198.84,11006.21
11/16/2022,11183.66,11260.10,11286.10,11162.92
11/15/2022,11358.41,11474.82,11492.62,11241.15
11/14/2022,11196.22,11233.90,11350.12,11167.17
11/11/2022,11323.33,11124.75,11352.43,11069.83
11/10/2022,11114.15,10869.17,11119.11,10779.95
11/09/2022,10353.17,10531.64,10564.97,10344.01
11/08/2022,10616.20,10611.53,10745.64,10472.73
11/07/2022,10564.52,10516.94,10587.96,10428.91
11/04/2022,10475.25,10548.14,10553.63,10262.93
11/03/2022,10342.94,10399.45,10486.01,10319.54
11/02/2022,10524.80,10885.01,10993.24,10522.90
11/01/2022,10890.85,11154.74,11156.35,10881.19
10/31/2022,10988.15,11028.43,11047.94,10914.00
10/28/2022,11102.45,10766.20,11117.04,10766.20
10/27/2022,10792.67,10971.95,10998.73,10780.50
10/26/2022,10970.99,10969.02,11205.84,10948.38
10/25/2022,11199.12,10996.97,11210.38,10996.97
10/24/2022,10952.61,10867.07,10983.52,10713.33
10/21/2022,10859.72,10576.04,10875.72,10542.43
10/20/2022,10614.84,10657.41,10837.30,10574.55
10/19/2022,10680.51,10689.31,10808.04,10592.88
10/18/2022,10772.40,10963.99,10972.97,10670.12
10/17/2022,10675.80,10575.65,10696.59,10569.69
10/14/2022,10321.39,10742.81,10766.69,10308.81
10/13/2022,10649.15,10131.82,10697.71,10088.83
10/12/2022,10417.10,10437.00,10494.53,10372.21
10/11/2022,10426.19,10484.37,10608.84,10351.98
10/10/2022,10542.10,10659.95,10669.93,10449.04
10/07/2022,10652.40,10877.28,10891.93,10608.52
10/06/2022,11073.31,11129.04,11230.44,11051.27
10/05/2022,11148.64,11022.67,11210.32,10910.76
10/04/2022,11176.41,11054.72,11189.96,11044.04
10/03/2022,10815.43,10659.01,10875.46,10577.89
09/30/2022,10575.62,10697.71,10883.04,10572.33
09/29/2022,10737.51,10894.44,10899.47,10623.22
09/28/2022,11051.64,10817.52,11101.50,10776.34
09/27/2022,10829.50,10955.29,11040.98,10741.02
09/26/2022,10802.92,10833.38,11024.00,10789.05
09/23/2022,10867.93,10952.69,10958.29,10732.72
09/22/2022,11066.81,11167.38,11203.77,11024.64
09/21/2022,11220.19,11466.21,11613.57,11218.99
09/20/2022,11425.05,11440.14,11520.99,11343.72
09/19/2022,11535.02,11338.57,11538.13,11337.83
09/16/2022,11448.40,11401.21,11460.43,11316.92
09/15/2022,11552.36,11633.24,11760.73,11497.11
09/14/2022,11719.68,11680.41,11746.83,11602.76
09/13/2022,11633.57,11908.81,11957.97,11604.43
09/12/2022,12266.41,12174.94,12270.19,12169.28
09/09/2022,12112.31,11958.61,12132.67,11958.61
09/08/2022,11862.13,11679.86,11896.73,11660.53
09/07/2022,11791.90,11559.38,11819.07,11555.08
09/06/2022,11544.91,11643.03,11679.43,11471.50
09/02/2022,11630.86,11899.14,11945.91,11573.51
09/01/2022,11785.13,11707.44,11798.37,11546.52
08/31/2022,11816.20,11972.56,12027.43,11814.17
08/30/2022,11883.14,12093.06,12101.85,11790.02
08/29/2022,12017.67,12021.05,12124.87,11981.42
08/26/2022,12141.71,12630.58,12655.84,12141.52
08/25/2022,12639.27,12506.37,12641.26,12471.98
08/24/2022,12431.53,12375.15,12504.33,12350.16
08/23/2022,12381.30,12380.37,12490.85,12352.03
08/22/2022,12381.57,12523.16,12538.55,12353.73
08/19/2022,12705.22,12832.27,12859.01,12674.87
08/18/2022,12965.34,12937.79,13002.66,12873.49
08/17/2022,12938.12,12968.63,13053.51,12863.01
08/16/2022,13102.55,13082.64,13181.09,12979.24
08/15/2022,13128.05,12996.63,13146.06,12993.78
08/12/2022,13047.19,12866.31,13047.19,12821.22
08/11/2022,12779.91,12987.95,13026.24,12760.09
08/10/2022,12854.80,12793.44,12861.44,12698.61
08/09/2022,12493.93,12557.49,12582.91,12438.86
08/08/2022,12644.46,12703.72,12855.15,12597.75
08/05/2022,12657.55,12538.80,12720.44,12525.77
08/04/2022,12720.58,12675.04,12736.19,12600.78
08/03/2022,12668.16,12433.87,12699.64,12425.21
08/02/2022,12348.76,12479.78,12503.34,12260.48
08/01/2022,12368.98,12317.96,12499.72,12271.98
07/29/2022,12390.69,12239.69,12426.26,12181.13
07/28/2022,12162.59,12036.48,12179.09,11886.67
07/27/2022,12032.42,11756.19,12081.73,11718.38
07/26/2022,11562.57,11701.53,11711.31,11533.37
07/25/2022,11782.67,11837.96,11855.11,11707.53
07/22/2022,11834.11,12025.37,12093.02,11767.19
07/21/2022,12059.61,11914.15,12060.59,11812.72
07/20/2022,11897.65,11726.09,11939.96,11703.36
07/19/2022,11713.15,11515.00,11721.22,11448.97
07/18/2022,11360.05,11561.64,11629.03,11322.84
07/15/2022,11452.42,11379.36,11454.69,11295.33
07/14/2022,11251.19,11151.21,11279.97,11005.93
07/13/2022,11247.58,11056.55,11325.67,11031.27
07/12/2022,11264.73,11420.89,11483.17,11207.08
07/11/2022,11372.60,11524.49,11541.10,11348.06
07/08/2022,11635.31,11503.61,11689.70,11479.77
07/07/2022,11621.35,11422.60,11644.47,11412.88
07/06/2022,11361.85,11337.90,11443.15,11250.32
07/05/2022,11322.24,10964.18,11323.89,10911.45
07/01/2022,11127.85,11006.83,11132.55,10922.71
06/30/2022,11028.74,11048.25,11160.92,10850.01
06/29/2022,11177.89,11160.22,11226.33,11072.19
06/28/2022,11181.54,11542.24,11635.85,11177.68
06/27/2022,11524.55,11661.02,11677.49,11487.07
06/24/2022,11607.62,11351.31,11613.23,11337.78
06/23/2022,11232.19,11137.68,11260.27,11046.28
06/22/2022,11053.08,10941.95,11216.77,10938.06
06/21/2022,11069.30,10974.05,11164.99,10974.05
06/17/2022,10798.35,10697.55,10884.71,10638.72
06/16/2022,10646.10,10806.02,10831.07,10565.14
06/15/2022,11099.15,10968.40,11244.26,10866.39
06/14/2022,10828.35,10897.43,10926.81,10733.04
06/13/2022,10809.23,10986.85,11071.48,10775.14
06/10/2022,11340.02,11543.88,11569.15,11328.27
06/09/2022,11754.23,12016.47,12115.06,11751.98
06/08/2022,12086.27,12147.28,12235.78,12052.70
06/07/2022,12175.23,11925.81,12194.86,11888.61
06/06/2022,12061.37,12200.33,12245.40,12004.20
06/03/2022,12012.73,12097.12,12167.44,11966.62
06/02/2022,12316.90,11945.57,12320.12,11901.45
06/01/2022,11994.46,12176.89,12237.94,11901.43
05/31/2022,12081.39,12137.54,12190.08,11942.50
05/27/2022,12131.13,11869.69,12131.66,11856.82
05/26/2022,11740.65,11409.84,11796.97,11406.16
05/25/2022,11434.74,11225.03,11511.90,11211.85
05/24/2022,11264.45,11326.44,11351.61,11092.48
05/23/2022,11535.27,11395.47,11552.07,11304.56
05/20/2022,11354.62,11542.67,11552.21,11035.69
05/19/2022,11388.50,11364.40,11562.82,11313.31
05/18/2022,11418.15,11790.68,11826.22,11381.69
05/17/2022,11984.52,11887.98,11988.43,11754.28
05/16/2022,11662.79,11727.14,11804.59,11627.53
05/13/2022,11805.00,11555.97,11856.71,11510.26
05/12/2022,11370.96,11199.25,11547.33,11108.76
05/11/2022,11364.24,11645.57,11844.51,11339.18
05/10/2022,11737.67,11900.34,11944.94,11566.28
05/09/2022,11623.25,11923.03,11990.61,11574.94
05/06/2022,12144.66,12246.83,12358.42,11990.15
05/05/2022,12317.69,12787.52,12787.52,12183.56
05/04/2022,12964.86,12574.73,12985.01,12367.02
05/03/2022,12563.76,12511.46,12645.83,12460.99
05/02/2022,12536.02,12331.69,12542.54,12202.41
04/29/2022,12334.64,12710.42,12861.83,12315.74
04/28/2022,12871.53,12712.86,12948.52,12487.86
04/27/2022,12488.93,12500.88,12703.79,12430.90
04/26/2022,12490.74,12918.04,12918.04,12490.74
04/25/2022,13004.85,12749.17,13011.45,12722.59
04/22/2022,12839.29,13168.80,13212.60,12828.02
04/21/2022,13174.65,13623.70,13710.69,13140.83
04/20/2022,13453.07,13665.38,13678.55,13426.12
04/19/2022,13619.66,13312.44,13643.97,13281.22
04/18/2022,13332.36,13319.39,13414.27,13222.03
04/14/2022,13351.08,13647.43,13662.93,13345.22
04/13/2022,13643.59,13373.12,13679.43,13353.66
04/12/2022,13371.57,13584.69,13685.95,13317.74
04/11/2022,13411.96,13547.29,13585.08,13401.39
04/08/2022,13711.00,13830.47,13866.06,13693.69
04/07/2022,13897.30,13861.49,13978.25,13689.23
04/06/2022,13888.82,14002.58,14032.84,13788.90
04/05/2022,14204.17,14262.28,14500.29,14169.12
04/04/2022,14532.55,14304.35,14534.38,14286.45
04/01/2022,14261.50,14269.53,14306.94,14131.81
03/31/2022,14220.52,14444.78,14456.74,14217.72
03/30/2022,14442.27,14558.59,14609.25,14383.45
03/29/2022,14619.64,14500.39,14646.90,14419.40
03/28/2022,14354.90,14177.21,14356.00,14101.34
03/25/2022,14169.30,14194.72,14218.76,14010.79
03/24/2022,14191.84,14001.32,14193.55,13897.20
03/23/2022,13922.60,13990.35,14152.14,13921.65
03/22/2022,14108.82,13866.43,14141.07,13857.29
03/21/2022,13838.46,13860.39,13945.80,13682.55
03/18/2022,13893.84,13564.63,13899.28,13528.06
03/17/2022,13614.78,13360.72,13620.80,13317.14
03/16/2022,13436.55,13119.36,13440.12,12992.20
03/15/2022,12948.62,12685.23,12973.88,12616.59
03/14/2022,12581.22,12795.12,12918.01,12555.35
03/11/2022,12843.81,13229.77,13239.35,12830.37
03/10/2022,13129.96,13098.35,13163.50,12946.28
03/09/2022,13255.55,13113.70,13301.16,13039.79
03/08/2022,12795.55,12800.04,13159.44,12670.08
03/07/2022,12830.96,13328.36,13353.28,12828.02
03/04/2022,13313.44,13455.23,13486.71,13224.98
03/03/2022,13537.94,13837.59,13837.59,13472.64
03/02/2022,13752.02,13597.53,13796.55,13493.90
03/01/2022,13532.46,13716.70,13777.04,13441.32
02/28/2022,13751.40,13570.83,13810.64,13549.90
02/25/2022,13694.62,13485.26,13696.86,13358.29
02/24/2022,13473.58,12587.88,13486.11,12587.88
02/23/2022,13037.49,13511.75,13533.78,13032.17
02/22/2022,13381.52,13424.36,13618.72,13249.65
02/18/2022,13548.07,13735.40,13762.40,13465.56
02/17/2022,13716.72,14004.19,14020.82,13704.70
02/16/2022,14124.09,14038.92,14163.73,13931.99
02/15/2022,14139.76,13997.18,14142.49,13976.29
02/14/2022,13790.92,13768.97,13921.71,13664.76
02/11/2022,13791.15,14213.62,14246.70,13733.16
02/10/2022,14185.64,14228.68,14509.56,14118.20
02/09/2022,14490.37,14368.16,14490.72,14330.87
02/08/2022,14194.45,13984.43,14226.48,13934.78
02/07/2022,14015.67,14118.79,14236.31,13974.10
02/04/2022,14098.01,13958.48,14222.76,13850.39
02/03/2022,13878.82,14045.83,14207.88,13851.74
02/02/2022,14417.55,14494.47,14504.82,14264.65
02/01/2022,14346.00,14277.43,14358.69,14070.77
01/31/2022,14239.88,13812.19,14242.90,13767.71
01/28/2022,13770.57,13436.71,13771.91,13236.56
01/27/2022,13352.78,13710.99,13765.91,13322.66
01/26/2022,13542.12,13871.77,14002.65,13392.19
01/25/2022,13539.29,13610.87,13781.62,13414.14
01/24/2022,13855.13,13481.50,13876.61,13094.65
01/21/2022,13768.92,14046.22,14171.72,13764.24
01/20/2022,14154.02,14462.85,14642.03,14140.78
01/19/2022,14340.26,14582.22,14658.89,14331.65
01/18/2022,14506.90,14681.83,14740.54,14482.94
01/14/2022,14893.75,14708.02,14897.68,14689.43
01/13/2022,14806.81,15245.04,15259.71,14782.24
01/12/2022,15188.39,15263.10,15319.03,15117.29
01/11/2022,15153.45,14919.26,15158.71,14837.63
01/10/2022,14942.83,14751.78,14953.85,14530.23
01/07/2022,14935.90,15095.72,15171.02,14877.63
01/06/2022,15080.86,15024.15,15198.45,14914.87
01/05/2022,15100.17,15547.16,15586.30,15095.18
01/04/2022,15622.72,15852.14,15852.14,15512.41
01/03/2022,15832.80,15732.50,15832.80,15644.09
12/31/2021,15644.97,15722.91,15777.43,15643.93
12/30/2021,15741.56,15758.98,15868.09,15729.16
12/29/2021,15766.22,15794.92,15821.81,15679.85
12/28/2021,15781.72,15895.20,15901.47,15757.07
12/27/2021,15871.26,15696.83,15871.40,15696.83
12/23/2021,15653.37,15544.79,15697.98,15528.91
12/22/2021,15521.89,15319.16,15525.97,15303.06
12/21/2021,15341.09,15140.43,15349.06,15015.03
12/20/2021,14980.94,14933.00,15007.30,14860.04
12/17/2021,15169.68,15036.77,15288.78,14960.37
12/16/2021,15180.43,15629.08,15633.19,15119.49
12/15/2021,15565.58,15230.71,15575.76,15055.23
12/14/2021,15237.64,15215.96,15317.55,15097.35
12/13/2021,15413.28,15621.27,15637.06,15408.25
12/10/2021,15630.60,15629.59,15677.60,15477.85
12/09/2021,15517.37,15720.54,15796.05,15511.12
12/08/2021,15786.99,15690.65,15792.64,15618.88
12/07/2021,15686.92,15510.91,15720.09,15507.66
12/06/2021,15225.15,15117.63,15281.99,14931.61
12/03/2021,15085.47,15428.71,15470.36,14931.06
12/02/2021,15381.32,15181.82,15444.54,15150.12
12/01/2021,15254.05,15752.27,15816.82,15243.93
11/30/2021,15537.69,15716.50,15828.20,15451.39
11/29/2021,15782.83,15719.42,15833.11,15644.61
11/26/2021,15491.66,15664.38,15731.54,15456.09
11/24/2021,15845.23,15677.88,15848.56,15591.36
11/23/2021,15775.14,15809.50,15895.86,15601.46
11/22/2021,15854.76,16120.92,16212.23,15851.04
11/19/2021,16057.44,16042.16,16121.12,16017.23
11/18/2021,15993.71,15973.39,16010.88,15848.83
11/17/2021,15921.57,15973.62,15998.57,15909.39
11/16/2021,15973.86,15840.32,15989.61,15825.00
11/15/2021,15853.85,15894.82,15918.45,15778.31
11/12/2021,15860.96,15752.62,15874.57,15705.38
11/11/2021,15704.28,15752.08,15768.03,15695.77
11/10/2021,15622.71,15753.84,15867.24,15543.68
11/09/2021,15886.54,16024.13,16035.21,15836.68
11/08/2021,15982.36,15995.72,16038.23,15961.81
11/05/2021,15971.59,16003.56,16053.39,15900.78
11/04/2021,15940.31,15849.74,15966.09,15827.66
11/03/2021,15811.58,15658.52,15821.57,15616.44
11/02/2021,15649.60,15583.98,15656.60,15569.27
11/01/2021,15595.92,15541.26,15598.95,15470.82
10/29/2021,15498.39,15323.29,15504.12,15323.29
10/28/2021,15448.12,15304.74,15452.30,15290.31
10/27/2021,15235.84,15276.00,15364.54,15235.84
10/26/2021,15235.71,15317.50,15384.00,15198.23
10/25/2021,15226.71,15165.52,15259.63,15070.75
10/22/2021,15090.20,15158.06,15193.01,15021.02
10/21/2021,15215.70,15104.80,15222.25,15094.14
10/20/2021,15121.68,15160.00,15178.39,15071.15
10/19/2021,15129.09,15073.13,15137.85,15049.73
10/18/2021,15021.81,14839.74,15026.68,14833.28
10/15/2021,14897.34,14891.24,14904.98,14847.96
10/14/2021,14823.43,14717.50,14827.56,14699.52
10/13/2021,14571.64,14537.17,14589.28,14471.87
10/12/2021,14465.92,14539.09,14552.71,14441.60
10/11/2021,14486.20,14540.08,14665.99,14482.61
10/08/2021,14579.54,14694.72,14699.91,14569.68
10/07/2021,14654.02,14631.80,14755.72,14615.14
10/06/2021,14501.91,14289.45,14509.55,14259.07
10/05/2021,14433.83,14312.86,14508.65,14299.78
10/04/2021,14255.48,14493.12,14499.74,14181.69
10/01/2021,14566.70,14494.93,14606.82,14324.01
09/30/2021,14448.58,14582.60,14632.36,14444.30
09/29/2021,14512.44,14614.88,14676.62,14493.67
09/28/2021,14546.68,14787.21,14817.74,14539.88
09/27/2021,14969.97,14954.18,15003.16,14864.96
09/24/2021,15047.70,14961.61,15067.56,14946.57
09/23/2021,15052.24,14960.00,15085.44,14932.51
09/22/2021,14896.85,14800.59,14950.12,14767.01
09/21/2021,14746.40,14803.36,14847.03,14696.47
09/20/2021,14713.90,14758.14,14841.82,14530.07
09/17/2021,15043.97,15163.35,15166.56,14998.73
09/16/2021,15181.92,15120.09,15205.50,15047.14
09/15/2021,15161.53,15071.34,15174.38,14984.68
09/14/2021,15037.76,15168.45,15181.19,15008.30
09/13/2021,15105.58,15211.43,15215.44,15030.85
09/10/2021,15115.49,15332.92,15349.47,15111.31
09/09/2021,15248.25,15296.06,15352.38,15245.17
09/08/2021,15286.64,15360.35,15360.35,15206.61
09/07/2021,15374.33,15375.98,15403.44,15343.28
09/03/2021,15363.52,15313.41,15375.56,15283.67
09/02/2021,15331.18,15358.47,15380.07,15285.35
09/01/2021,15309.38,15308.98,15379.50,15302.11
08/31/2021,15259.24,15262.88,15278.96,15202.67
08/30/2021,15265.89,15165.94,15288.08,15165.12
08/27/2021,15129.50,14969.77,15144.48,14966.52
08/26/2021,14945.81,15025.17,15059.63,14939.56
08/25/2021,15041.86,15039.03,15059.43,15011.58
08/24/2021,15019.80,14978.14,15034.89,14965.54
08/23/2021,14942.65,14776.98,14963.47,14776.98
08/20/2021,14714.66,14571.53,14722.16,14571.53
08/19/2021,14541.79,14423.16,14610.76,14423.16
08/18/2021,14525.91,14636.24,14697.25,14516.30
08/17/2021,14656.18,14670.56,14716.95,14550.88
08/16/2021,14793.76,14771.53,14794.68,14610.02
08/13/2021,14822.90,14825.07,14850.61,14797.22
08/12/2021,14816.26,14751.36,14824.31,14698.94
08/11/2021,14765.14,14834.38,14842.50,14692.41
08/10/2021,14788.09,14887.74,14894.61,14754.48
08/09/2021,14860.18,14855.76,14883.81,14802.69
08/06/2021,14835.76,14864.22,14890.18,14788.59
08/05/2021,14895.12,14794.08,14896.47,14776.03
08/04/2021,14780.53,14747.21,14812.37,14734.12
08/03/2021,14761.29,14713.99,14762.60,14584.09
08/02/2021,14681.07,14672.68,14770.41,14665.67
07/30/2021,14672.68,14615.85,14728.78,14615.85
07/29/2021,14778.26,14771.17,14833.74,14761.38
07/28/2021,14762.58,14783.54,14798.88,14645.63
07/27/2021,14660.58,14807.95,14811.08,14503.76
07/26/2021,14840.71,14821.03,14863.65,14790.49
07/23/2021,14836.99,14753.06,14846.06,14698.77
07/22/2021,14684.60,14652.72,14694.19,14617.87
07/21/2021,14631.95,14508.75,14633.14,14498.65
07/20/2021,14498.88,14330.46,14555.75,14271.23
07/19/2021,14274.98,14235.98,14313.60,14178.66
07/16/2021,14427.24,14597.51,14623.02,14413.32
07/15/2021,14543.13,14635.78,14650.37,14451.80
07/14/2021,14644.95,14780.90,14790.55,14632.95
07/13/2021,14677.65,14715.13,14803.68,14660.19
07/12/2021,14733.24,14743.86,14761.08,14672.63
07/09/2021,14701.92,14661.42,14710.20,14552.26
07/08/2021,14559.78,14409.20,14610.06,14371.59
07/07/2021,14665.06,14753.41,14755.33,14580.79
07/06/2021,14663.64,14661.55,14687.00,14529.80
07/02/2021,14639.33,14582.98,14649.11,14555.34
07/01/2021,14522.38,14493.69,14533.55,14439.40
06/30/2021,14503.95,14509.85,14526.81,14478.06
06/29/2021,14528.33,14509.19,14535.97,14471.38
06/28/2021,14500.51,14417.81,14505.19,14417.20
06/25/2021,14360.39,14400.81,14409.08,14337.65
06/24/2021,14369.71,14357.27,14414.46,14333.70
06/23/2021,14271.73,14263.38,14317.66,14246.30
06/22/2021,14253.27,14138.29,14269.77,14121.00
06/21/2021,14141.48,14047.42,14150.78,13960.04
06/18/2021,14030.38,14096.93,14129.22,14009.04
06/17/2021,14161.35,13999.13,14196.21,13998.93
06/16/2021,14039.68,14085.55,14129.69,13903.73
06/15/2021,14072.86,14166.64,14171.02,14052.16
06/14/2021,14174.14,14083.47,14175.45,14056.67
06/11/2021,14069.42,14030.85,14069.42,14006.59
06/10/2021,14020.33,13933.88,14031.19,13904.40
06/09/2021,13911.75,13980.23,14003.50,13906.45
06/08/2021,13924.91,13946.32,13981.72,13831.98
06/07/2021,13881.72,13802.82,13889.11,13784.89
06/04/2021,13814.49,13697.25,13826.82,13692.01
06/03/2021,13614.51,13655.75,13684.13,13548.93
06/02/2021,13756.33,13743.24,13775.89,13689.74
06/01/2021,13736.48,13829.06,13836.17,13678.77
05/28/2021,13748.74,13792.05,13820.87,13747.61
05/27/2021,13736.28,13742.58,13776.52,13701.63
05/26/2021,13738.00,13693.94,13750.16,13679.59
05/25/2021,13657.17,13721.54,13751.14,13631.80
05/24/2021,13661.17,13661.17,13708.85,13551.01
05/21/2021,13470.99,13616.19,13616.58,13463.26
05/20/2021,13535.74,13356.63,13563.52,13355.71
05/19/2021,13299.74,13078.19,13304.61,13072.23
05/18/2021,13303.64,13416.90,13485.34,13299.93
05/17/2021,13379.05,13368.80,13399.17,13265.40
05/14/2021,13379.05,13255.65,13460.88,13242.97
05/13/2021,13124.99,13150.94,13247.87,13007.24
05/12/2021,13031.68,13215.49,13288.61,13002.54
05/11/2021,13389.43,13363.99,13423.31,13107.67
05/10/2021,13401.86,13687.59,13687.93,13401.74
05/07/2021,13752.24,13723.09,13828.62,13690.75
05/06/2021,13632.84,13557.83,13635.73,13439.39
05/05/2021,13582.42,13731.13,13753.05,13553.93
05/04/2021,13633.50,13774.51,13795.57,13485.59
05/03/2021,13895.12,14031.77,14042.12,13881.51
04/30/2021,13962.68,13970.73,14084.76,13941.63
04/29/2021,14082.55,14204.51,14211.57,13952.80
04/28/2021,14051.03,14082.78,14133.65,14034.70
04/27/2021,14090.22,14170.91,14171.24,14064.28
04/26/2021,14138.78,14052.38,14154.03,14019.50
04/23/2021,14016.81,13861.37,14062.74,13856.83
04/22/2021,13818.41,13952.57,14015.87,13771.04
04/21/2021,13950.22,13745.77,13951.35,13706.86
04/20/2021,13786.27,13894.46,13927.67,13698.67
04/19/2021,13914.77,13984.58,14041.79,13842.57
04/16/2021,14052.34,14059.11,14062.50,13977.05
04/15/2021,14038.76,13983.23,14049.13,13970.42
04/14/2021,13857.84,14005.27,14033.63,13839.04
04/13/2021,13996.10,13902.45,14011.51,13902.45
04/12/2021,13850.00,13854.44,13877.00,13783.95
04/09/2021,13900.19,13787.01,13905.41,13748.35
04/08/2021,13829.31,13796.89,13830.14,13758.71
04/07/2021,13688.84,13675.30,13733.03,13653.59
04/06/2021,13698.38,13681.67,13776.71,13674.28
04/05/2021,13705.59,13594.90,13720.58,13582.76
04/01/2021,13480.11,13414.32,13487.08,13404.18
03/31/2021,13246.87,13122.57,13325.54,13118.38
03/30/2021,13045.39,13008.80,13075.75,12922.57
03/29/2021,13059.65,13103.97,13143.41,12968.16
03/26/2021,13138.72,12996.03,13149.55,12878.72
03/25/2021,12977.68,12844.58,13021.86,12786.81
03/24/2021,12961.89,13289.24,13292.92,12961.35
03/23/2021,13227.70,13381.43,13405.14,13202.43
03/22/2021,13377.54,13278.78,13455.64,13278.78
03/19/2021,13215.24,13119.90,13252.37,13039.45
03/18/2021,13116.17,13349.20,13384.46,13101.92
03/17/2021,13525.20,13336.91,13595.00,13272.69
03/16/2021,13471.57,13523.17,13620.71,13397.08
03/15/2021,13459.71,13323.47,13460.35,13272.50
03/12/2021,13319.86,13222.81,13324.69,13158.72
03/11/2021,13398.67,13273.31,13433.62,13246.33
03/10/2021,13068.83,13234.73,13277.11,13035.44
03/09/2021,13073.82,12923.07,13151.54,12882.49
03/08/2021,12609.16,12904.26,13001.00,12599.23
03/05/2021,12920.15,12860.04,12941.21,12397.05
03/04/2021,12723.47,12953.99,13068.71,12553.96
03/03/2021,12997.75,13336.25,13372.52,12995.07
03/02/2021,13358.79,13599.45,13601.33,13352.00
03/01/2021,13588.83,13406.16,13596.59,13362.66
02/26/2021,13192.35,13192.35,13368.06,13024.53
02/25/2021,13119.43,13512.64,13602.86,13066.38
02/24/2021,13597.97,13400.25,13607.36,13286.59
02/23/2021,13465.20,13262.61,13526.09,13003.98
02/22/2021,13533.05,13714.20,13757.06,13530.96
02/19/2021,13874.46,13929.20,13985.58,13842.60
02/18/2021,13865.36,13814.67,13905.96,13714.35
02/17/2021,13965.49,13911.65,13976.43,13804.26
02/16/2021,14047.50,14152.21,14175.11,13995.45
02/12/2021,14095.47,13979.21,14102.04,13937.71
02/11/2021,14025.77,14045.21,14058.91,13916.85
02/10/2021,13972.53,14093.35,14109.12,13845.47
02/09/2021,14007.70,13966.81,14044.95,13966.55
02/08/2021,13987.64,13937.06,13987.74,13894.15
02/05/2021,13856.30,13824.88,13878.16,13761.66
02/04/2021,13777.74,13674.06,13778.42,13631.62
02/03/2021,13610.54,13718.31,13723.83,13585.34
02/02/2021,13612.78,13543.10,13652.69,13535.86
02/01/2021,13403.39,13226.18,13431.46,13132.47
01/29/2021,13070.69,13284.72,13322.00,12985.05
01/28/2021,13337.16,13323.29,13507.64,13316.52
01/27/2021,13270.60,13486.58,13538.42,13192.91
01/26/2021,13626.06,13681.72,13702.69,13603.19
01/25/2021,13635.99,13681.21,13728.98,13368.68
01/22/2021,13543.06,13474.81,13567.14,13463.66
01/21/2021,13530.91,13521.48,13560.35,13454.07
01/20/2021,13457.25,13342.55,13486.13,13329.77
01/19/2021,13197.18,13132.73,13206.86,13078.70
01/15/2021,12998.50,13099.90,13139.83,12949.76
01/14/2021,13112.64,13174.75,13220.16,13098.41
01/13/2021,13128.95,13088.01,13171.15,13051.06
01/12/2021,13072.43,13062.06,13105.04,12963.92
01/11/2021,13036.43,13048.78,13138.27,12999.51
01/08/2021,13201.98,13160.22,13208.09,13036.55
01/07/2021,13067.48,12867.34,13090.91,12867.34
01/06/2021,12740.79,12666.15,12909.63,12649.99
01/05/2021,12818.96,12665.65,12828.27,12665.65
01/04/2021,12698.45,12958.52,12958.72,12543.24
12/31/2020,12888.28,12877.09,12902.07,12821.23
12/30/2020,12870.00,12906.51,12924.93,12857.76
12/29/2020,12850.22,12965.39,12973.33,12821.96
12/28/2020,12899.42,12914.64,12930.89,12827.45
12/24/2020,12804.73,12791.54,12833.55,12767.64
12/23/2020,12771.11,12834.94,12841.92,12758.67
12/22/2020,12807.92,12785.22,12840.57,12695.31
12/21/2020,12742.52,12596.14,12751.27,12525.22
12/18/2020,12755.64,12804.93,12809.60,12654.60
12/17/2020,12764.75,12730.78,12765.25,12696.35
12/16/2020,12658.19,12611.04,12687.32,12566.38
12/15/2020,12595.06,12543.26,12596.13,12465.42
12/14/2020,12440.04,12447.44,12543.00,12432.71
12/11/2020,12377.87,12336.79,12383.50,12246.77
12/10/2020,12405.81,12247.55,12431.56,12214.74
12/09/2020,12338.95,12591.69,12607.14,12290.78
12/08/2020,12582.77,12503.17,12594.54,12453.21
12/07/2020,12519.95,12461.00,12536.23,12460.55
12/04/2020,12464.23,12399.32,12464.23,12376.44
12/03/2020,12377.18,12369.26,12439.02,12356.99
12/02/2020,12349.37,12285.75,12360.06,12217.35
12/01/2020,12355.11,12313.36,12405.79,12263.93
11/30/2020,12198.74,12224.25,12244.65,12027.16
11/27/2020,12205.85,12159.18,12236.23,12154.57
11/25/2020,12094.40,12069.34,12114.77,12020.95
11/24/2020,12037.33,11939.33,12049.88,11863.45
11/23/2020,11881.17,11916.76,11949.33,11796.53
11/20/2020,11854.97,11892.70,11935.47,11852.51
11/19/2020,11904.71,11779.04,11912.63,11760.98
11/18/2020,11801.60,11896.06,11942.49,11799.96
11/17/2020,11899.34,11913.35,11950.18,11852.41
11/16/2020,11924.13,11847.11,11937.72,11814.89
11/13/2020,11829.29,11794.94,11849.79,11715.52
11/12/2020,11709.59,11802.50,11847.84,11666.37
11/11/2020,11786.43,11656.65,11793.57,11638.90
11/10/2020,11553.86,11622.44,11665.87,11424.61
11/09/2020,11713.78,12046.66,12108.07,11703.49
11/06/2020,11895.23,11869.90,11920.54,11737.13
11/05/2020,11890.93,11816.33,11924.28,11784.15
11/04/2020,11590.78,11443.77,11663.31,11394.21
11/03/2020,11160.57,11038.66,11213.92,11004.84
11/02/2020,10957.61,11010.45,11071.08,10830.95
10/30/2020,10911.59,11103.47,11129.81,10822.57
10/29/2020,11185.59,11064.47,11287.63,11030.19
10/28/2020,11004.87,11230.90,11249.95,10999.07
10/27/2020,11431.35,11409.34,11465.06,11361.86
10/26/2020,11358.94,11440.64,11545.63,11221.06
10/23/2020,11548.28,11536.00,11548.85,11434.86
10/22/2020,11506.01,11526.97,11548.77,11369.29
10/21/2020,11484.69,11530.39,11613.79,11476.08
10/20/2020,11516.49,11609.56,11632.89,11471.23
10/19/2020,11478.88,11732.34,11778.11,11454.57
10/16/2020,11671.56,11761.83,11827.42,11648.53
10/15/2020,11713.87,11559.88,11740.68,11559.10
10/14/2020,11768.73,11889.07,11939.92,11714.35
10/13/2020,11863.90,11901.76,11946.98,11821.83
10/12/2020,11876.26,11732.32,11965.54,11704.13
10/09/2020,11579.94,11487.60,11581.23,11476.66
10/08/2020,11420.98,11443.35,11448.23,11384.33
10/07/2020,11364.60,11271.68,11380.56,11258.35
10/06/2020,11154.60,11314.53,11392.41,11124.45
10/05/2020,11332.49,11169.11,11335.21,11162.52
10/02/2020,11075.02,11082.53,11244.87,11033.69
10/01/2020,11326.51,11291.99,11344.13,11240.53
09/30/2020,11167.51,11092.90,11277.96,11092.90
09/29/2020,11085.25,11109.00,11153.23,11065.63
09/28/2020,11117.52,11084.38,11120.79,11019.14
09/25/2020,10913.56,10680.46,10939.55,10639.98
09/24/2020,10672.27,10551.02,10799.55,10520.22
09/23/2020,10632.99,10950.82,10962.03,10612.91
09/22/2020,10963.64,10873.30,10979.65,10737.52
09/21/2020,10778.80,10536.08,10782.74,10519.49
09/18/2020,10793.28,10973.45,10977.68,10639.95
09/17/2020,10910.28,10796.05,10974.45,10783.81
09/16/2020,11050.47,11222.08,11245.42,11046.43
09/15/2020,11190.32,11201.25,11244.46,11127.98
09/14/2020,11056.65,11010.14,11118.29,10982.26
09/11/2020,10853.55,11010.07,11033.04,10728.03
09/10/2020,10919.59,11235.53,11299.53,10875.02
09/09/2020,11141.56,11064.76,11217.69,10970.45
09/08/2020,10847.69,10900.69,11131.50,10837.20
09/04/2020,11313.13,11396.24,11531.18,10875.87
09/03/2020,11458.10,11861.90,11894.40,11361.36
09/02/2020,12056.44,12047.26,12074.06,11836.18
09/01/2020,11939.67,11850.96,11945.72,11794.78
08/31/2020,11775.46,11718.81,11829.84,11697.41
08/28/2020,11695.63,11689.28,11708.77,11634.77
08/27/2020,11625.34,11688.19,11730.01,11551.01
08/26/2020,11665.06,11516.62,11672.05,11507.46
08/25/2020,11466.47,11370.23,11468.26,11343.04
08/24/2020,11379.72,11449.25,11462.05,11297.53
08/21/2020,11311.80,11258.44,11326.21,11245.44
08/20/2020,11264.95,11096.40,11283.62,11090.03
08/19/2020,11146.46,11214.80,11257.42,11132.10
08/18/2020,11210.84,11170.75,11230.61,11103.83
08/17/2020,11129.73,11083.24,11144.53,11080.30
08/14/2020,11019.30,11042.24,11058.44,10972.06
08/13/2020,11042.50,11026.86,11124.85,11007.50
08/12/2020,11012.24,10878.12,11036.72,10877.16
08/11/2020,10782.82,10942.66,10989.42,10762.71
08/10/2020,10968.36,11033.72,11040.24,10849.46
08/07/2020,11010.98,11072.53,11126.04,10920.37
08/06/2020,11108.07,10989.98,11121.19,10963.41
08/05/2020,10998.40,10967.87,11002.11,10943.72
08/04/2020,10941.17,10916.90,10941.91,10852.90
08/03/2020,10902.80,10848.64,10927.56,10831.15
07/31/2020,10745.27,10741.47,10747.80,10557.70
07/30/2020,10587.81,10450.12,10609.59,10412.09
07/29/2020,10542.94,10474.70,10567.91,10464.00
07/28/2020,10402.09,10509.20,10523.64,10397.87
07/27/2020,10536.27,10421.70,10546.44,10399.86
07/24/2020,10363.18,10294.41,10418.75,10217.31
07/23/2020,10461.42,10689.50,10728.12,10407.87
07/22/2020,10706.13,10687.58,10745.32,10627.45
07/21/2020,10680.36,10837.88,10839.93,10650.46
07/20/2020,10767.09,10526.02,10783.80,10488.04
07/17/2020,10503.19,10500.52,10532.62,10421.21
07/16/2020,10473.83,10443.87,10499.79,10364.39
07/15/2020,10550.49,10576.72,10604.67,10420.54
07/14/2020,10488.58,10310.25,10497.83,10182.46
07/13/2020,10390.84,10729.92,10824.78,10368.04
07/10/2020,10617.44,10545.91,10622.35,10447.01
07/09/2020,10547.75,10563.72,10578.10,10379.91
07/08/2020,10492.50,10409.35,10494.63,10350.96
07/07/2020,10343.89,10412.46,10518.98,10337.98
07/06/2020,10433.65,10360.38,10462.05,10354.98
07/02/2020,10207.63,10268.67,10310.36,10194.06
07/01/2020,10154.63,10063.67,10197.19,10048.04
06/30/2020,10058.77,9875.29,10085.59,9863.67
06/29/2020,9874.15,9771.72,9877.34,9663.61
06/26/2020,9757.22,9995.12,10000.67,9749.07
06/25/2020,10017.00,9899.36,10023.28,9810.47
06/24/2020,9909.17,10092.92,10137.50,9842.22
06/23/2020,10131.37,10130.83,10221.85,10112.44
06/22/2020,10056.47,9945.49,10059.61,9916.60
06/19/2020,9946.12,10042.13,10053.91,9872.94
06/18/2020,9943.05,9892.48,9959.20,9885.66
06/17/2020,9910.53,9943.31,9991.21,9891.81
06/16/2020,9895.87,9949.78,9963.63,9748.38
06/15/2020,9726.02,9426.90,9756.07,9403.00
06/12/2020,9588.81,9715.87,9768.64,9413.62
06/11/2020,9492.73,9791.24,9868.08,9491.30
06/10/2020,10020.35,10012.32,10086.89,9962.58
06/09/2020,9953.75,9867.19,10002.50,9863.27
06/08/2020,9924.74,9823.44,9927.13,9780.61
06/05/2020,9814.08,9703.54,9845.69,9685.35
06/04/2020,9615.81,9649.65,9716.14,9560.41
06/03/2020,9682.91,9651.86,9707.78,9627.18
06/02/2020,9608.37,9566.53,9611.22,9472.08
06/01/2020,9552.05,9471.42,9571.28,9462.32
05/29/2020,9489.87,9382.35,9505.55,9324.73
05/28/2020,9368.99,9392.99,9523.64,9345.28
05/27/2020,9412.36,9346.12,9414.62,9144.28
05/26/2020,9340.22,9501.21,9501.21,9333.16
05/22/2020,9324.59,9278.55,9328.28,9239.41
05/21/2020,9284.88,9375.19,9405.25,9254.85
05/20/2020,9375.78,9305.62,9392.82,9304.20
05/19/2020,9185.10,9227.46,9317.25,9183.25
05/18/2020,9234.83,9177.15,9267.22,9154.35
05/15/2020,9014.56,8839.99,9018.40,8821.38
05/14/2020,8943.72,8788.04,8945.71,8705.25
05/13/2020,8863.17,9006.05,9074.16,8752.68
05/12/2020,9002.55,9225.14,9250.96,9000.06
05/11/2020,9192.34,9054.91,9241.92,9053.17
05/08/2020,9121.32,9056.89,9125.98,9018.21
05/07/2020,8979.66,8973.78,9015.99,8932.85
05/06/2020,8854.39,8874.70,8933.25,8819.37
05/05/2020,8809.12,8809.66,8909.96,8781.31
05/04/2020,8710.71,8555.32,8715.82,8537.83
05/01/2020,8604.95,8681.29,8754.46,8566.84
04/30/2020,8889.55,8911.01,8926.11,8825.83
04/29/2020,8914.71,8802.70,8957.26,8765.01
04/28/2020,8607.73,8825.68,8830.57,8600.70
04/27/2020,8730.16,8717.98,8754.57,8697.37
04/24/2020,8634.52,8530.08,8642.93,8464.42
04/23/2020,8494.75,8528.84,8635.22,8475.20
04/22/2020,8495.38,8434.55,8537.31,8404.54
04/21/2020,8263.23,8460.69,8480.29,8215.69
04/20/2020,8560.73,8553.37,8684.91,8553.37
04/17/2020,8650.14,8667.48,8670.30,8531.69
04/16/2020,8532.36,8479.11,8560.16,8393.27
04/15/2020,8393.18,8355.96,8464.66,8308.79
04/14/2020,8515.74,8353.21,8531.11,8338.09
04/13/2020,8192.42,8127.69,8200.44,8035.95
04/09/2020,8153.58,8169.01,8227.91,8072.32
04/08/2020,8090.90,7975.72,8114.43,7901.94
04/07/2020,7887.26,8129.99,8146.43,7881.22
04/06/2020,7913.24,7660.17,7938.33,7617.79
04/03/2020,7373.08,7477.27,7518.72,7288.11
04/02/2020,7487.31,7317.45,7501.70,7307.95
04/01/2020,7360.58,7459.50,7566.37,7301.98
03/31/2020,7700.10,7740.06,7880.31,7642.86
03/30/2020,7774.15,7583.46,7784.35,7539.97
03/27/2020,7502.38,7554.25,7716.24,7491.13
03/26/2020,7797.54,7462.21,7809.82,7462.21
03/25/2020,7384.30,7421.36,7671.21,7276.40
03/24/2020,7417.86,7196.15,7418.37,7169.86
03/23/2020,6860.67,6847.28,6984.94,6631.42
03/20/2020,6879.52,7248.07,7354.44,6854.67
03/19/2020,7150.58,6996.45,7341.38,6858.38
03/18/2020,6989.84,6902.32,7182.83,6686.36
03/17/2020,7334.78,7072.00,7406.23,6828.91
03/16/2020,6904.59,7392.73,7422.20,6882.86
03/13/2020,7874.88,7610.39,7875.93,7219.09
03/12/2020,7201.80,7398.58,7712.33,7194.67
03/11/2020,7952.05,8136.25,8181.36,7850.95
03/10/2020,8344.25,8219.76,8347.40,7930.43
03/09/2020,7950.68,7957.93,8243.31,7943.16
03/06/2020,8575.62,8469.02,8612.36,8375.13
03/05/2020,8738.60,8790.09,8921.08,8677.39
03/04/2020,9018.09,8834.10,9019.96,8757.66
03/03/2020,8684.09,8965.10,9070.32,8602.89
03/02/2020,8952.16,8667.14,8952.81,8543.35
02/28/2020,8567.37,8269.74,8591.82,8264.16
02/27/2020,8566.48,8744.03,8904.11,8562.05
02/26/2020,8980.77,9011.55,9148.32,8927.80
02/25/2020,8965.61,9301.20,9315.26,8940.49
02/24/2020,9221.28,9188.44,9322.88,9166.01
02/21/2020,9576.59,9708.01,9715.95,9542.33
02/20/2020,9750.96,9799.20,9820.86,9636.94
02/19/2020,9817.18,9782.81,9838.37,9777.10
02/18/2020,9732.74,9679.04,9747.68,9675.80
02/14/2020,9731.18,9728.90,9746.36,9693.05
02/13/2020,9711.97,9657.04,9748.32,9650.02
02/12/2020,9725.96,9688.60,9728.77,9666.68
02/11/2020,9638.94,9680.89,9714.74,9617.21
02/10/2020,9628.39,9493.63,9628.66,9493.63
02/07/2020,9520.51,9526.64,9570.09,9496.53
02/06/2020,9572.15,9540.98,9575.66,9505.68
02/05/2020,9508.68,9574.10,9574.94,9454.93
02/04/2020,9467.97,9398.39,9485.38,9374.05
02/03/2020,9273.40,9190.72,9299.85,9188.55
01/31/2020,9150.94,9284.93,9324.80,9123.22
01/30/2020,9298.93,9211.15,9303.00,9185.18
01/29/2020,9275.16,9318.26,9329.11,9249.04
01/28/2020,9269.68,9201.82,9288.87,9182.33
01/27/2020,9139.31,9092.46,9185.45,9088.04
01/24/2020,9314.91,9446.20,9451.43,9273.23
01/23/2020,9402.48,9377.72,9409.20,9334.13
01/22/2020,9383.77,9413.61,9439.29,9375.13
01/21/2020,9370.81,9361.07,9397.58,9350.20
01/17/2020,9388.94,9392.37,9393.48,9346.81
01/16/2020,9357.13,9313.45,9357.92,9301.32
01/15/2020,9258.70,9253.76,9298.82,9231.14
01/14/2020,9251.33,9270.61,9298.33,9226.49
01/13/2020,9273.93,9213.72,9274.49,9193.06
01/10/2020,9178.86,9232.94,9235.20,9164.66
01/09/2020,9203.43,9202.27,9215.95,9158.50
01/08/2020,9129.24,9068.03,9168.89,9059.38
01/07/2020,9068.58,9076.64,9091.93,9042.55
01/06/2020,9071.46,8943.50,9072.41,8943.50
01/03/2020,9020.77,8976.43,9065.76,8976.43
01/02/2020,9092.19,9039.46,9093.43,9010.89
12/31/2019,8972.60,8918.74,8975.35,8912.77
12/30/2019,8945.99,9004.45,9006.36,8909.19
12/27/2019,9006.62,9049.47,9052.00,8987.32
12/26/2019,9022.39,8970.21,9022.46,8968.45
12/24/2019,8952.88,8955.01,8957.12,8934.36
12/23/2019,8945.65,8950.20,8956.64,8934.55
12/20/2019,8924.96,8911.84,8931.91,8901.87
12/19/2019,8887.22,8838.97,8888.13,8838.97
12/18/2019,8827.73,8834.65,8848.76,8820.42
12/17/2019,8823.36,8829.47,8831.99,8804.60
12/16/2019,8814.23,8791.31,8833.45,8789.77
12/13/2019,8734.88,8713.91,8768.87,8697.58
12/12/2019,8717.32,8645.36,8745.82,8633.60
12/11/2019,8654.05,8631.12,8658.48,8622.35
12/10/2019,8616.18,8623.56,8650.76,8600.82
12/09/2019,8621.83,8650.86,8678.85,8619.77
12/06/2019,8656.53,8634.25,8665.44,8630.57
12/05/2019,8570.70,8587.93,8588.89,8541.92
12/04/2019,8566.67,8557.45,8584.88,8552.38
12/03/2019,8520.64,8460.72,8523.98,8435.40
12/02/2019,8567.99,8672.84,8672.84,8540.16
11/29/2019,8665.47,8682.01,8697.32,8664.04
11/27/2019,8705.18,8669.59,8705.91,8662.58
11/26/2019,8647.93,8635.40,8659.73,8625.62
11/25/2019,8632.49,8559.65,8633.15,8559.65
11/22/2019,8519.88,8530.54,8535.46,8477.49
11/21/2019,8506.21,8527.87,8530.73,8487.29
11/20/2019,8526.73,8543.57,8578.27,8468.63
11/19/2019,8570.66,8578.02,8589.76,8536.73
11/18/2019,8549.94,8529.16,8559.78,8503.62
11/15/2019,8540.83,8524.48,8540.83,8506.80
11/14/2019,8479.02,8461.06,8485.36,8441.58
11/13/2019,8482.10,8455.02,8496.90,8451.34
11/12/2019,8486.09,8471.07,8514.84,8462.99
11/11/2019,8464.28,8431.26,8467.29,8425.48
11/08/2019,8475.31,8422.67,8475.57,8405.89
11/07/2019,8434.52,8455.11,8483.16,8415.87
11/06/2019,8410.63,8426.57,8426.57,8379.33
11/05/2019,8434.68,8446.62,8457.39,8421.05
11/04/2019,8433.20,8445.50,8451.37,8421.30
11/01/2019,8386.40,8335.05,8386.75,8326.56
10/31/2019,8292.36,8314.38,8321.80,8248.81
10/30/2019,8303.98,8284.28,8315.50,8241.70
10/29/2019,8276.85,8313.35,8319.29,8275.14
10/28/2019,8325.99,8285.77,8335.56,8285.27
10/25/2019,8243.12,8150.59,8249.97,8150.59
10/24/2019,8185.80,8180.04,8187.84,8137.66
10/23/2019,8119.79,8090.24,8122.88,8078.35
10/22/2019,8104.30,8188.12,8194.62,8101.98
10/21/2019,8162.99,8137.42,8164.14,8117.26
10/18/2019,8089.54,8149.85,8157.36,8045.37
10/17/2019,8156.85,8176.91,8183.64,8131.25
10/16/2019,8124.18,8119.81,8146.15,8103.38
10/15/2019,8148.71,8074.85,8166.18,8071.81
10/14/2019,8048.65,8044.35,8069.85,8036.41
10/11/2019,8057.04,8085.20,8115.80,8046.80
10/10/2019,7950.78,7904.56,7982.84,7899.81
10/09/2019,7903.74,7895.96,7930.92,7873.52
10/08/2019,7823.78,7898.27,7921.88,7823.73
